Type,Ratio,Sample Avg,Original Avg,Difference (%),Original Std Dev,Sample Std Dev,Original Min,Sample Min,Original Max,Sample Max
Body,Shoulder To Waist,1.610789372518737,1.6223645616856381,0.7134764553088188,0.22201942305619388,0.15881372090765247,1.2132196771988821,1.3643474542995824,2.160179328676748,2.183194690439849
Face,Outer Canthal Distance,0.7713102698326111,0.5975107550621033,29.087260365486145,0.18376269936561584,0.02461083047091961,0.3148564398288727,0.6963244676589966,0.8293657302856445,0.8125706315040588
Face,Inner Canthal Ratio,0.2851954400539398,0.23361237347126007,22.080622613430023,0.05603550374507904,0.010692696087062359,0.12968449294567108,0.26307108998298645,0.30811214447021484,0.30605652928352356
Face,Eye To Nose Ratio,0.4790900351809734,0.4521478746053987,5.958705567086393,0.06547352279547208,0.022577109614080285,0.3268785643184007,0.42354507592811363,0.5625704502665175,0.541459973412104
Face,Nose To Mouth Ratio,0.17051614820957184,0.21641001105308533,21.2069034576416,0.05178792402148247,0.011979657225310802,0.14927777647972107,0.15094172954559326,0.31023433804512024,0.20678643882274628
Face,Chin Length Ratio,0.5585130453109741,0.5723889470100403,2.4242084473371506,0.049496378749608994,0.01990412548184395,0.50483638048172,0.5207834243774414,0.6699146032333374,0.611067533493042
Face,Eyebrow Height Ratio,0.2720915516890709,0.25537173659422757,6.547245720230286,0.04913610239890785,0.009598849326089131,0.16741417725849417,0.250746946898999,0.42445575284933923,0.2933374591437507
